{
  "IcoMoonType": "selection",
  "icons": [
    {
      "icon": {
        "paths": [
          "M320 384h128v128h-128zM512 384h128v128h-128zM704 384h128v128h-128zM128 768h128v128h-128zM320 768h128v128h-128zM512 768h128v128h-128zM320 576h128v128h-128zM512 576h128v128h-128zM704 576h128v128h-128zM128 576h128v128h-128zM832 0v64h-128v-64h-448v64h-128v-64h-128v1024h960v-1024h-128zM896 960h-832v-704h832v704z"
        ],
        "tags": [
          "calendar",
          "date",
          "schedule",
          "time",
          "day"
        ],
        "defaultCode": 59731,
        "grid": 16,
        "attrs": []
      },
      "attrs": [],
      "properties": {
        "ligatures": "calendar, date",
        "name": "calendar",
        "order": 37,
        "id": 84,
        "prevSize": 32
      },
      "setIdx": 1,
      "setId": 1,
      "iconIdx": 83
    },
    {
      "icon": {
        "paths": [
          "M512 96c-111.118 0-215.584 43.272-294.156 121.844s-121.844 183.038-121.844 294.156c0 111.118 43.272 215.584 121.844 294.156s183.038 121.844 294.156 121.844c111.118 0 215.584-43.272 294.156-121.844s121.844-183.038 121.844-294.156c0-111.118-43.272-215.584-121.844-294.156s-183.038-121.844-294.156-121.844zM512 0v0c282.77 0 512 229.23 512 512s-229.23 512-512 512c-282.77 0-512-229.23-512-512s229.23-512 512-512zM448 704h128v128h-128zM448 192h128v384h-128z"
        ],
        "tags": [
          "notification",
          "warning",
          "notice",
          "note",
          "exclamation"
        ],
        "defaultCode": 59912,
        "grid": 16,
        "attrs": []
      },
      "attrs": [],
      "properties": {
        "ligatures": "notification, warning2",
        "name": "notification",
        "order": 39,
        "id": 265,
        "prevSize": 32
      },
      "setIdx": 1,
      "setId": 1,
      "iconIdx": 264
    },
    {
      "icon": {
        "paths": [
          "M1014.662 822.66c-0.004-0.004-0.008-0.008-0.012-0.010l-310.644-310.65 310.644-310.65c0.004-0.004 0.008-0.006 0.012-0.010 3.344-3.346 5.762-7.254 7.312-11.416 4.246-11.376 1.824-24.682-7.324-33.83l-146.746-146.746c-9.148-9.146-22.45-11.566-33.828-7.32-4.16 1.55-8.070 3.968-11.418 7.31 0 0.004-0.004 0.006-0.008 0.010l-310.648 310.652-310.648-310.65c-0.004-0.004-0.006-0.006-0.010-0.010-3.346-3.342-7.254-5.76-11.414-7.31-11.38-4.248-24.682-1.826-33.83 7.32l-146.748 146.748c-9.148 9.148-11.568 22.452-7.322 33.828 1.552 4.16 3.97 8.072 7.312 11.416 0.004 0.002 0.006 0.006 0.010 0.010l310.65 310.648-310.65 310.652c-0.002 0.004-0.006 0.006-0.008 0.010-3.342 3.346-5.76 7.254-7.314 11.414-4.248 11.376-1.826 24.682 7.322 33.83l146.748 146.746c9.15 9.148 22.452 11.568 33.83 7.322 4.16-1.552 8.070-3.97 11.416-7.312 0.002-0.004 0.006-0.006 0.010-0.010l310.648-310.65 310.648 310.65c0.004 0.002 0.008 0.006 0.012 0.008 3.348 3.344 7.254 5.762 11.414 7.314 11.378 4.246 24.684 1.826 33.828-7.322l146.746-146.748c9.148-9.148 11.57-22.454 7.324-33.83-1.552-4.16-3.97-8.068-7.314-11.414z"
        ],
        "tags": [
          "cross",
          "cancel",
          "close",
          "quit",
          "remove"
        ],
        "defaultCode": 59919,
        "grid": 16,
        "attrs": []
      },
      "attrs": [],
      "properties": {
        "ligatures": "cross, cancel",
        "name": "cross",
        "order": 35,
        "id": 272,
        "prevSize": 32
      },
      "setIdx": 1,
      "setId": 1,
      "iconIdx": 271
    },
    {
      "icon": {
        "paths": [
          "M864 128l-480 480-224-224-160 160 384 384 640-640z"
        ],
        "tags": [
          "checkmark",
          "tick",
          "correct",
          "accept",
          "ok"
        ],
        "defaultCode": 59920,
        "grid": 16,
        "attrs": []
      },
      "attrs": [],
      "properties": {
        "ligatures": "checkmark, tick",
        "name": "checkmark",
        "order": 36,
        "id": 273,
        "prevSize": 32
      },
      "setIdx": 1,
      "setId": 1,
      "iconIdx": 272
    }
  ],
  "height": 1024,
  "preferences": {
    "showGlyphs": true,
    "showQuickUse": true,
    "showQuickUse2": true,
    "showSVGs": true,
    "fontPref": {
      "prefix": "icon-",
      "metadata": {
        "fontFamily": "icomoon",
        "majorVersion": 1,
        "minorVersion": 0
      },
      "metrics": {
        "emSize": 1024,
        "baseline": 6.25,
        "whitespace": 50
      },
      "embed": false,
      "showSelector": true,
      "showMetrics": true,
      "showMetadata": true
    },
    "imagePref": {
      "prefix": "icon-",
      "png": true,
      "useClassSelector": false,
      "color": 0,
      "bgColor": 16777215,
      "classSelector": ".icon",
      "name": "",
      "height": 32,
      "columns": 16,
      "margin": 16,
      "sprite": false,
      "addTitleTags": true
    },
    "historySize": 50,
    "showCodes": true,
    "gridSize": 16
  }
}